entity_id,domainobject_id,name,icon,device_class,device_id,device_type,unit_of_measurement,point_name,friendly_name,label,vsn300_rest_name,vsn700_rest_name,sunspec_model,sunspec_name,description,vsn300_compatible,vsn700_compatible,category,Suggested device_class
sensor.abb_fimer_meter_MeterSN_dynamic_feed_in_ctrl,sensor,abb_fimer_meter_MeterSN_dynamic_feed_in_ctrl,None,None,MeterSN,meter,None,dynamic_feed_in_ctrl,ABB/FIMER Meter MeterSN Dynamic Feed In Ctrl,Dynamic Feed In Ctrl,N/A,DynamicFeedInCtrl,VSN700-only,DynamicFeedInCtrl,Dynamic Feed In Ctrl,False,True,Datalogger,
sensor.abb_fimer_meter_MeterSN_current_ac_house_phase_a,sensor,abb_fimer_meter_MeterSN_current_ac_house_phase_a,None,current,MeterSN,meter,A,house_igrid_l1,ABB/FIMER Meter MeterSN Current AC - House Phase A,House Igrid L1,N/A,HouseIgrid_L1,ABB Proprietary,HouseIgrid_L1,House Current Phase A,False,True,System,
sensor.abb_fimer_meter_MeterSN_current_ac_house_phase_b,sensor,abb_fimer_meter_MeterSN_current_ac_house_phase_b,None,current,MeterSN,meter,A,house_igrid_l2,ABB/FIMER Meter MeterSN Current AC - House Phase B,House Igrid L2,N/A,HouseIgrid_L2,ABB Proprietary,HouseIgrid_L2,House Current Phase B,False,True,System,
sensor.abb_fimer_meter_MeterSN_current_ac_house_phase_c,sensor,abb_fimer_meter_MeterSN_current_ac_house_phase_c,None,current,MeterSN,meter,A,house_igrid_l3,ABB/FIMER Meter MeterSN Current AC - House Phase C,House Igrid L3,N/A,HouseIgrid_L3,ABB Proprietary,HouseIgrid_L3,House Current Phase C,False,True,System,
sensor.abb_fimer_meter_MeterSN_power_ac_house_phase_a,sensor,abb_fimer_meter_MeterSN_power_ac_house_phase_a,None,power,MeterSN,meter,W,house_pgrid_l1,ABB/FIMER Meter MeterSN Power AC - House Phase A,House Pgrid L1,N/A,HousePgrid_L1,ABB Proprietary,HousePgrid_L1,House Power Phase A,False,True,System,
sensor.abb_fimer_meter_MeterSN_power_ac_house_phase_b,sensor,abb_fimer_meter_MeterSN_power_ac_house_phase_b,None,power,MeterSN,meter,W,house_pgrid_l2,ABB/FIMER Meter MeterSN Power AC - House Phase B,House Pgrid L2,N/A,HousePgrid_L2,ABB Proprietary,HousePgrid_L2,House Power Phase B,False,True,System,
sensor.abb_fimer_meter_MeterSN_power_ac_house_phase_c,sensor,abb_fimer_meter_MeterSN_power_ac_house_phase_c,None,power,MeterSN,meter,W,house_pgrid_l3,ABB/FIMER Meter MeterSN Power AC - House Phase C,House Pgrid L3,N/A,HousePgrid_L3,ABB Proprietary,HousePgrid_L3,House Power Phase C,False,True,System,
sensor.abb_fimer_meter_MeterSN_power_ac_house_load_total,sensor,abb_fimer_meter_MeterSN_power_ac_house_load_total,None,power,MeterSN,meter,W,house_pgrid_tot,ABB/FIMER Meter MeterSN Power AC - House Load Total,House Pgrid Tot,N/A,HousePgrid_Tot,VSN700-only,HousePgrid_Tot,House load active power - Total,False,True,House Meter,
sensor.abb_fimer_meter_MeterSN_power_home_pv,sensor,abb_fimer_meter_MeterSN_power_home_pv,None,power,MeterSN,meter,W,house_p_inverter,ABB/FIMER Meter MeterSN Power - Home PV,House P Inverter,N/A,HousePInverter,VSN700-only,HousePInverter,Home PV Power,False,True,House Meter,
sensor.abb_fimer_meter_MeterSN_voltage_ac_meter_phase_a,sensor,abb_fimer_meter_MeterSN_voltage_ac_meter_phase_a,None,voltage,MeterSN,meter,V,meter_vgrid_l1,ABB/FIMER Meter MeterSN Voltage AC - Meter Phase A,Meter Vgrid L1,N/A,MeterVgrid_L1,VSN700-only,MeterVgrid_L1,Meter Voltage Phase A,False,True,Datalogger,
sensor.abb_fimer_meter_MeterSN_voltage_ac_meter_phase_b,sensor,abb_fimer_meter_MeterSN_voltage_ac_meter_phase_b,None,voltage,MeterSN,meter,V,meter_vgrid_l2,ABB/FIMER Meter MeterSN Voltage AC - Meter Phase B,Meter Vgrid L2,N/A,MeterVgrid_L2,VSN700-only,MeterVgrid_L2,Meter Voltage Phase B,False,True,Datalogger,
sensor.abb_fimer_meter_MeterSN_voltage_ac_meter_phase_c,sensor,abb_fimer_meter_MeterSN_voltage_ac_meter_phase_c,None,voltage,MeterSN,meter,V,meter_vgrid_l3,ABB/FIMER Meter MeterSN Voltage AC - Meter Phase C,Meter Vgrid L3,N/A,MeterVgrid_L3,VSN700-only,MeterVgrid_L3,Meter Voltage Phase C,False,True,Datalogger,
sensor.abb_fimer_meter_MeterSN_current_ac_meter_phase_a,sensor,abb_fimer_meter_MeterSN_current_ac_meter_phase_a,None,current,MeterSN,meter,A,meter_igrid_l1,ABB/FIMER Meter MeterSN Current AC - Meter Phase A,Meter Igrid L1,N/A,MeterIgrid_L1,VSN700-only,MeterIgrid_L1,Meter Current Phase A,False,True,Datalogger,
sensor.abb_fimer_meter_MeterSN_current_ac_meter_phase_b,sensor,abb_fimer_meter_MeterSN_current_ac_meter_phase_b,None,current,MeterSN,meter,A,meter_igrid_l2,ABB/FIMER Meter MeterSN Current AC - Meter Phase B,Meter Igrid L2,N/A,MeterIgrid_L2,VSN700-only,MeterIgrid_L2,Meter Current Phase B,False,True,Datalogger,
sensor.abb_fimer_meter_MeterSN_current_ac_meter_phase_c,sensor,abb_fimer_meter_MeterSN_current_ac_meter_phase_c,None,current,MeterSN,meter,A,meter_igrid_l3,ABB/FIMER Meter MeterSN Current AC - Meter Phase C,Meter Igrid L3,N/A,MeterIgrid_L3,VSN700-only,MeterIgrid_L3,Meter Current Phase C,False,True,Datalogger,
sensor.abb_fimer_meter_MeterSN_power_ac_meter_phase_a,sensor,abb_fimer_meter_MeterSN_power_ac_meter_phase_a,None,None,MeterSN,meter,None,meter_pgrid_l1,ABB/FIMER Meter MeterSN Power AC - Meter Phase A,Meter Pgrid L1,N/A,MeterPgrid_L1,VSN700-only,MeterPgrid_L1,Meter Power Phase A,False,True,Datalogger,power
sensor.abb_fimer_meter_MeterSN_power_ac_meter_phase_b,sensor,abb_fimer_meter_MeterSN_power_ac_meter_phase_b,None,None,MeterSN,meter,None,meter_pgrid_l2,ABB/FIMER Meter MeterSN Power AC - Meter Phase B,Meter Pgrid L2,N/A,MeterPgrid_L2,VSN700-only,MeterPgrid_L2,Meter Power Phase B,False,True,Datalogger,power
sensor.abb_fimer_meter_MeterSN_power_ac_meter_phase_c,sensor,abb_fimer_meter_MeterSN_power_ac_meter_phase_c,None,None,MeterSN,meter,None,meter_pgrid_l3,ABB/FIMER Meter MeterSN Power AC - Meter Phase C,Meter Pgrid L3,N/A,MeterPgrid_L3,VSN700-only,MeterPgrid_L3,Meter Power Phase C,False,True,Datalogger,power
sensor.abb_fimer_meter_MeterSN_power_ac_meter_total,sensor,abb_fimer_meter_MeterSN_power_ac_meter_total,None,power,MeterSN,meter,W,meter_pgrid_tot,ABB/FIMER Meter MeterSN Power AC - Meter Total,Meter Pgrid Tot,N/A,MeterPgrid_Tot,VSN700-only,MeterPgrid_Tot,Meter active power - Total,False,True,Datalogger,
sensor.abb_fimer_meter_MeterSN_reactive_power_ac_meter_phase_a,sensor,abb_fimer_meter_MeterSN_reactive_power_ac_meter_phase_a,None,reactive_power,MeterSN,meter,var,meter_qgrid_l1,ABB/FIMER Meter MeterSN Reactive Power AC - Meter Phase A,Meter Qgrid L1,N/A,MeterQgrid_L1,VSN700-only,MeterQgrid_L1,Meter Reactive Power Phase A,False,True,Datalogger,
sensor.abb_fimer_meter_MeterSN_reactive_power_ac_meter_phase_b,sensor,abb_fimer_meter_MeterSN_reactive_power_ac_meter_phase_b,None,reactive_power,MeterSN,meter,var,meter_qgrid_l2,ABB/FIMER Meter MeterSN Reactive Power AC - Meter Phase B,Meter Qgrid L2,N/A,MeterQgrid_L2,VSN700-only,MeterQgrid_L2,Meter Reactive Power Phase B,False,True,Datalogger,
sensor.abb_fimer_meter_MeterSN_reactive_power_ac_meter_phase_c,sensor,abb_fimer_meter_MeterSN_reactive_power_ac_meter_phase_c,None,reactive_power,MeterSN,meter,var,meter_qgrid_l3,ABB/FIMER Meter MeterSN Reactive Power AC - Meter Phase C,Meter Qgrid L3,N/A,MeterQgrid_L3,VSN700-only,MeterQgrid_L3,Meter Reactive Power Phase C,False,True,Datalogger,
sensor.abb_fimer_meter_MeterSN_reactive_power_ac_meter_total,sensor,abb_fimer_meter_MeterSN_reactive_power_ac_meter_total,None,reactive_power,MeterSN,meter,var,meter_qgrid_tot,ABB/FIMER Meter MeterSN Reactive Power AC - Meter Total,Meter Qgrid Tot,N/A,MeterQgrid_Tot,VSN700-only,MeterQgrid_Tot,Meter reactive power - Total,False,True,Datalogger,
sensor.abb_fimer_meter_MeterSN_frequency_ac_meter,sensor,abb_fimer_meter_MeterSN_frequency_ac_meter,None,frequency,MeterSN,meter,Hz,meter_fgrid,ABB/FIMER Meter MeterSN Frequency AC - Meter,Meter Fgrid,N/A,MeterFgrid,VSN700-only,MeterFgrid,Meter AC frequency,False,True,Datalogger,
sensor.abb_fimer_meter_MeterSN_commissioning_freeze,sensor,abb_fimer_meter_MeterSN_commissioning_freeze,None,None,MeterSN,meter,None,commissioning_freeze,ABB/FIMER Meter MeterSN Commissioning Freeze,Commissioning Freeze,N/A,CommissioningFreeze,VSN700-only,CommissioningFreeze,Commissioning Freeze,False,True,Datalogger,
sensor.abb_fimer_meter_MeterSN_energy_ac_grid_export_since_restart,sensor,abb_fimer_meter_MeterSN_energy_ac_grid_export_since_restart,None,energy,MeterSN,meter,Wh,e3_lifetime,ABB/FIMER Meter MeterSN Energy AC - Grid Export Since Restart,E3 Lifetime,N/A,E3_runtime,VSN700-only,E3_runtime,Energy exported to grid - Since Restart,False,True,Energy Counter,
sensor.abb_fimer_meter_MeterSN_energy_ac_grid_export_last_7_days,sensor,abb_fimer_meter_MeterSN_energy_ac_grid_export_last_7_days,None,energy,MeterSN,meter,Wh,e3_last_week,ABB/FIMER Meter MeterSN Energy AC - Grid Export Last 7 Days,E3 Last Week,N/A,E3_7D,VSN700-only,E3_7D,Energy exported to grid - Last 7 Days,False,True,Energy Counter,
sensor.abb_fimer_meter_MeterSN_energy_ac_grid_export_last_30_days,sensor,abb_fimer_meter_MeterSN_energy_ac_grid_export_last_30_days,None,energy,MeterSN,meter,Wh,e3_last_month,ABB/FIMER Meter MeterSN Energy AC - Grid Export Last 30 Days,E3 Last Month,N/A,E3_30D,VSN700-only,E3_30D,Energy exported to grid - Last 30 Days,False,True,Energy Counter,
sensor.abb_fimer_meter_MeterSN_energy_house_from_inverter_since_restart,sensor,abb_fimer_meter_MeterSN_energy_house_from_inverter_since_restart,None,energy,MeterSN,meter,Wh,e6_lifetime,ABB/FIMER Meter MeterSN Energy - House from Inverter Since Restart,E6 Lifetime,N/A,E6_runtime,VSN700-only,E6_runtime,House consumption from inverter - Since Restart,False,True,Energy Counter,
sensor.abb_fimer_meter_MeterSN_energy_house_from_inverter_last_7_days,sensor,abb_fimer_meter_MeterSN_energy_house_from_inverter_last_7_days,None,energy,MeterSN,meter,Wh,e6_last_week,ABB/FIMER Meter MeterSN Energy - House from Inverter Last 7 Days,E6 Last Week,N/A,E6_7D,VSN700-only,E6_7D,House consumption from inverter - Last 7 Days,False,True,Energy Counter,
sensor.abb_fimer_meter_MeterSN_energy_house_from_inverter_last_30_days,sensor,abb_fimer_meter_MeterSN_energy_house_from_inverter_last_30_days,None,energy,MeterSN,meter,Wh,e6_last_month,ABB/FIMER Meter MeterSN Energy - House from Inverter Last 30 Days,E6 Last Month,N/A,E6_30D,VSN700-only,E6_30D,House consumption from inverter - Last 30 Days,False,True,Energy Counter,
sensor.abb_fimer_meter_MeterSN_energy_house_consumption_since_restart,sensor,abb_fimer_meter_MeterSN_energy_house_consumption_since_restart,None,energy,MeterSN,meter,Wh,e7_lifetime,ABB/FIMER Meter MeterSN Energy - House Consumption Since Restart,E7 Lifetime,N/A,E7_runtime,VSN700-only,E7_runtime,Total house consumption - Since Restart,False,True,Energy Counter,
sensor.abb_fimer_meter_MeterSN_energy_house_consumption_last_7_days,sensor,abb_fimer_meter_MeterSN_energy_house_consumption_last_7_days,None,energy,MeterSN,meter,Wh,e7_last_week,ABB/FIMER Meter MeterSN Energy - House Consumption Last 7 Days,E7 Last Week,N/A,E7_7D,VSN700-only,E7_7D,Total house consumption - Last 7 Days,False,True,Energy Counter,
sensor.abb_fimer_meter_MeterSN_energy_house_consumption_last_30_days,sensor,abb_fimer_meter_MeterSN_energy_house_consumption_last_30_days,None,energy,MeterSN,meter,Wh,e7_last_month,ABB/FIMER Meter MeterSN Energy - House Consumption Last 30 Days,E7 Last Month,N/A,E7_30D,VSN700-only,E7_30D,Total house consumption - Last 30 Days,False,True,Energy Counter,
sensor.abb_fimer_meter_MeterSN_energy_ac_grid_import_since_restart,sensor,abb_fimer_meter_MeterSN_energy_ac_grid_import_since_restart,None,energy,MeterSN,meter,Wh,e8_lifetime,ABB/FIMER Meter MeterSN Energy AC - Grid Import Since Restart,E8 Lifetime,N/A,E8_runtime,VSN700-only,E8_runtime,Energy imported from grid - Since Restart,False,True,Energy Counter,
sensor.abb_fimer_meter_MeterSN_energy_ac_grid_import_last_7_days,sensor,abb_fimer_meter_MeterSN_energy_ac_grid_import_last_7_days,None,energy,MeterSN,meter,Wh,e8_last_week,ABB/FIMER Meter MeterSN Energy AC - Grid Import Last 7 Days,E8 Last Week,N/A,E8_7D,VSN700-only,E8_7D,Energy imported from grid - Last 7 Days,False,True,Energy Counter,
sensor.abb_fimer_meter_MeterSN_energy_ac_grid_import_last_30_days,sensor,abb_fimer_meter_MeterSN_energy_ac_grid_import_last_30_days,None,energy,MeterSN,meter,Wh,e8_last_month,ABB/FIMER Meter MeterSN Energy AC - Grid Import Last 30 Days,E8 Last Month,N/A,E8_30D,VSN700-only,E8_30D,Energy imported from grid - Last 30 Days,False,True,Energy Counter,
sensor.abb_fimer_meter_MeterSN_energy_ac_grid_import_lifetime,sensor,abb_fimer_meter_MeterSN_energy_ac_grid_import_lifetime,None,energy,MeterSN,meter,kWh,e_grid_import,ABB/FIMER Meter MeterSN Energy AC - Grid Import Lifetime,E Grid Import,N/A,EGridImport,VSN700-only,EGridImport,Energy imported from grid - Lifetime,False,True,Energy Counter,
sensor.abb_fimer_meter_MeterSN_energy_ac_grid_export_lifetime,sensor,abb_fimer_meter_MeterSN_energy_ac_grid_export_lifetime,None,energy,MeterSN,meter,kWh,e_grid_export,ABB/FIMER Meter MeterSN Energy AC - Grid Export Lifetime,E Grid Export,N/A,EGridExport,VSN700-only,EGridExport,Energy exported to grid - Lifetime,False,True,Energy Counter,
sensor.abb_fimer_battery_Battery1SN_number_of_battery_cells_or_modules,sensor,abb_fimer_battery_Battery1SN_number_of_battery_cells_or_modules,None,None,Battery1SN,battery,None,batt_num,ABB/FIMER Battery Battery1SN Number of battery cells or modules,Batt Num,N/A,BattNum,ABB Proprietary,BattNum,Number of battery cells or modules,False,True,System,
sensor.abb_fimer_battery_Battery1SN_current_battery,sensor,abb_fimer_battery_Battery1SN_current_battery,None,None,Battery1SN,battery,None,iba,ABB/FIMER Battery Battery1SN Current - Battery,Iba,N/A,Iba,VSN700-only,Iba,Battery DC current flow,False,True,Datalogger,current
sensor.abb_fimer_battery_Battery1SN_voltage_battery,sensor,abb_fimer_battery_Battery1SN_voltage_battery,None,None,Battery1SN,battery,None,vba,ABB/FIMER Battery Battery1SN Voltage - Battery,Vba,N/A,Vba,VSN700-only,Vba,Battery pack voltage,False,True,Datalogger,voltage
sensor.abb_fimer_battery_Battery1SN_power_battery_total,sensor,abb_fimer_battery_Battery1SN_power_battery_total,None,None,Battery1SN,battery,None,pba,ABB/FIMER Battery Battery1SN Power - Battery Total,Pba,N/A,Pba,VSN700-only,Pba,Battery charge/discharge power,False,True,Datalogger,power
sensor.abb_fimer_battery_Battery1SN_temperature_battery,sensor,abb_fimer_battery_Battery1SN_temperature_battery,None,None,Battery1SN,battery,None,tba,ABB/FIMER Battery Battery1SN Temperature - Battery,Tba,N/A,Tba,VSN700-only,Tba,Battery pack temperature,False,True,Datalogger,temperature
sensor.abb_fimer_battery_Battery1SN_state_of_charge,sensor,abb_fimer_battery_Battery1SN_state_of_charge,None,battery,Battery1SN,battery,%,state_of_charge,ABB/FIMER Battery Battery1SN State of Charge,State of Charge,N/A,Soc,ABB Proprietary,Soc,State of Charge,False,True,System,
sensor.abb_fimer_battery_Battery1SN_voltage_battery_cell_max,sensor,abb_fimer_battery_Battery1SN_voltage_battery_cell_max,None,voltage,Battery1SN,battery,V,vc_max,ABB/FIMER Battery Battery1SN Voltage - Battery Cell Max,Vc Max,N/A,VcMax,VSN700-only,VcMax,Maximum voltage across battery cells,False,True,Datalogger,
sensor.abb_fimer_battery_Battery1SN_voltage_battery_cell_min,sensor,abb_fimer_battery_Battery1SN_voltage_battery_cell_min,None,voltage,Battery1SN,battery,V,vc_min,ABB/FIMER Battery Battery1SN Voltage - Battery Cell Min,Vc Min,N/A,VcMin,VSN700-only,VcMin,Minimum voltage across battery cells,False,True,Datalogger,
sensor.abb_fimer_battery_Battery1SN_temperature_cabinet_max,sensor,abb_fimer_battery_Battery1SN_temperature_cabinet_max,None,None,Battery1SN,battery,None,tc_max,ABB/FIMER Battery Battery1SN Temperature - Cabinet Max,Tc Max,N/A,TcMax,VSN700-only,TcMax,Maximum cabinet temperature recorded,False,True,Datalogger,temperature
sensor.abb_fimer_battery_Battery1SN_temperature_cabinet_min,sensor,abb_fimer_battery_Battery1SN_temperature_cabinet_min,None,None,Battery1SN,battery,None,tc_min,ABB/FIMER Battery Battery1SN Temperature - Cabinet Min,Tc Min,N/A,TcMin,VSN700-only,TcMin,Minimum cabinet temperature recorded,False,True,Datalogger,temperature
sensor.abb_fimer_battery_Battery1SN_state_of_health,sensor,abb_fimer_battery_Battery1SN_state_of_health,None,battery,Battery1SN,battery,%,state_of_health,ABB/FIMER Battery Battery1SN State of Health,State of Health,N/A,Soh,ABB Proprietary,Soh,State of Health,False,True,System,
sensor.abb_fimer_battery_Battery1SN_voltage_shunt,sensor,abb_fimer_battery_Battery1SN_voltage_shunt,None,None,Battery1SN,battery,None,sh_u,ABB/FIMER Battery Battery1SN Voltage - Shunt,Sh U,N/A,ShU,VSN700-only,ShU,Current shunt voltage,False,True,Datalogger,
sensor.abb_fimer_battery_Battery1SN_power_battery_charge,sensor,abb_fimer_battery_Battery1SN_power_battery_charge,None,power,Battery1SN,battery,W,p_ch,ABB/FIMER Battery Battery1SN Power - Battery Charge,P Ch,N/A,PCh,VSN700-only,PCh,Battery charging power,False,True,Datalogger,
sensor.abb_fimer_battery_Battery1SN_power_battery_discharge,sensor,abb_fimer_battery_Battery1SN_power_battery_discharge,None,power,Battery1SN,battery,W,p_dh,ABB/FIMER Battery Battery1SN Power - Battery Discharge,P Dh,N/A,PDh,VSN700-only,PDh,Battery discharging power,False,True,Datalogger,
sensor.abb_fimer_battery_Battery1SN_battery_charge_cycles_counter,sensor,abb_fimer_battery_Battery1SN_battery_charge_cycles_counter,None,None,Battery1SN,battery,None,chc,ABB/FIMER Battery Battery1SN Battery charge cycles counter,Chc,N/A,Chc,ABB Proprietary,Chc,Battery charge cycles counter,False,True,System,
sensor.abb_fimer_battery_Battery1SN_battery_discharge_cycles_counter,sensor,abb_fimer_battery_Battery1SN_battery_discharge_cycles_counter,None,None,Battery1SN,battery,None,dhc,ABB/FIMER Battery Battery1SN Battery discharge cycles counter,Dhc,N/A,Dhc,ABB Proprietary,Dhc,Battery discharge cycles counter,False,True,System,
sensor.abb_fimer_battery_Battery1SN_central_controller_frequency,sensor,abb_fimer_battery_Battery1SN_central_controller_frequency,None,None,Battery1SN,battery,None,fcc,ABB/FIMER Battery Battery1SN Central controller frequency,Fcc,N/A,Fcc,VSN700-only,Fcc,Central controller frequency,False,True,Datalogger,
sensor.abb_fimer_battery_Battery1SN_total_energy_from_current_transformer_ct,sensor,abb_fimer_battery_Battery1SN_total_energy_from_current_transformer_ct,None,None,Battery1SN,battery,None,e_ct,ABB/FIMER Battery Battery1SN Total energy from current transformer (CT),E Ct,N/A,ECt,VSN700-only,ECt,Total energy from current transformer (CT),False,True,Energy Counter,energy
sensor.abb_fimer_battery_Battery1SN_total_energy_from_direct_transducer_dt,sensor,abb_fimer_battery_Battery1SN_total_energy_from_direct_transducer_dt,None,None,Battery1SN,battery,None,e_dt,ABB/FIMER Battery Battery1SN Total energy from direct transducer (DT),E Dt,N/A,EDt,VSN700-only,EDt,Total energy from direct transducer (DT),False,True,Energy Counter,energy
sensor.abb_fimer_battery_Battery1SN_energy_battery_discharge_since_restart,sensor,abb_fimer_battery_Battery1SN_energy_battery_discharge_since_restart,None,energy,Battery1SN,battery,Wh,e_discharge_lifetime,ABB/FIMER Battery Battery1SN Energy - Battery Discharge Since Restart,E Discharge Lifetime,N/A,EDischarge_runtime,VSN700-only,EDischarge_runtime,Battery discharge energy - Since Restart,False,True,Battery,
sensor.abb_fimer_battery_Battery1SN_energy_battery_discharge_last_7_days,sensor,abb_fimer_battery_Battery1SN_energy_battery_discharge_last_7_days,None,energy,Battery1SN,battery,Wh,e_discharge_last_week,ABB/FIMER Battery Battery1SN Energy - Battery Discharge Last 7 Days,E Discharge Last Week,N/A,EDischarge_7D,VSN700-only,EDischarge_7D,Battery discharge energy - Last 7 Days,False,True,Battery,
sensor.abb_fimer_battery_Battery1SN_energy_battery_discharge_last_30_days,sensor,abb_fimer_battery_Battery1SN_energy_battery_discharge_last_30_days,None,energy,Battery1SN,battery,Wh,e_discharge_last_month,ABB/FIMER Battery Battery1SN Energy - Battery Discharge Last 30 Days,E Discharge Last Month,N/A,EDischarge_30D,VSN700-only,EDischarge_30D,Battery discharge energy - Last 30 Days,False,True,Battery,
sensor.abb_fimer_battery_Battery1SN_energy_battery_discharge_lifetime,sensor,abb_fimer_battery_Battery1SN_energy_battery_discharge_lifetime,None,energy,Battery1SN,battery,kWh,e_discharge,ABB/FIMER Battery Battery1SN Energy - Battery Discharge Lifetime,E Discharge,N/A,EDischarge,M64061,EDischarge,Battery discharge energy - Lifetime,True,True,Status,
sensor.abb_fimer_battery_Battery1SN_energy_battery_charge_since_restart,sensor,abb_fimer_battery_Battery1SN_energy_battery_charge_since_restart,None,energy,Battery1SN,battery,Wh,e_charge_lifetime,ABB/FIMER Battery Battery1SN Energy - Battery Charge Since Restart,E Charge Lifetime,N/A,ECharge_runtime,VSN700-only,ECharge_runtime,Battery charge energy - Since Restart,False,True,Battery,
sensor.abb_fimer_battery_Battery1SN_energy_battery_charge_last_7_days,sensor,abb_fimer_battery_Battery1SN_energy_battery_charge_last_7_days,None,energy,Battery1SN,battery,Wh,e_charge_last_week,ABB/FIMER Battery Battery1SN Energy - Battery Charge Last 7 Days,E Charge Last Week,N/A,ECharge_7D,VSN700-only,ECharge_7D,Battery charge energy - Last 7 Days,False,True,Battery,
sensor.abb_fimer_battery_Battery1SN_energy_battery_charge_last_30_days,sensor,abb_fimer_battery_Battery1SN_energy_battery_charge_last_30_days,None,energy,Battery1SN,battery,Wh,e_charge_last_month,ABB/FIMER Battery Battery1SN Energy - Battery Charge Last 30 Days,E Charge Last Month,N/A,ECharge_30D,VSN700-only,ECharge_30D,Battery charge energy - Last 30 Days,False,True,Battery,
sensor.abb_fimer_battery_Battery1SN_energy_battery_charge_lifetime,sensor,abb_fimer_battery_Battery1SN_energy_battery_charge_lifetime,None,energy,Battery1SN,battery,kWh,e_charge,ABB/FIMER Battery Battery1SN Energy - Battery Charge Lifetime,E Charge,N/A,ECharge,M64061,ECharge,Battery charge energy - Lifetime,True,True,Status,
sensor.abb_fimer_battery_Battery1SN_count_battery_cycles,sensor,abb_fimer_battery_Battery1SN_count_battery_cycles,None,None,Battery1SN,battery,cycles,cycle_num,ABB/FIMER Battery Battery1SN Count - Battery Cycles,Cycle Num,N/A,CycleNum,VSN700-only,CycleNum,Battery charge/discharge cycle count,False,True,Datalogger,
sensor.abb_fimer_battery_Battery2SN_number_of_battery_cells_or_modules,sensor,abb_fimer_battery_Battery2SN_number_of_battery_cells_or_modules,None,None,Battery2SN,battery,None,batt_num,ABB/FIMER Battery Battery2SN Number of battery cells or modules,Batt Num,N/A,BattNum,ABB Proprietary,BattNum,Number of battery cells or modules,False,True,System,
sensor.abb_fimer_battery_Battery2SN_current_battery,sensor,abb_fimer_battery_Battery2SN_current_battery,None,None,Battery2SN,battery,None,iba,ABB/FIMER Battery Battery2SN Current - Battery,Iba,N/A,Iba,VSN700-only,Iba,Battery DC current flow,False,True,Datalogger,current
sensor.abb_fimer_battery_Battery2SN_voltage_battery,sensor,abb_fimer_battery_Battery2SN_voltage_battery,None,None,Battery2SN,battery,None,vba,ABB/FIMER Battery Battery2SN Voltage - Battery,Vba,N/A,Vba,VSN700-only,Vba,Battery pack voltage,False,True,Datalogger,voltage
sensor.abb_fimer_battery_Battery2SN_power_battery_total,sensor,abb_fimer_battery_Battery2SN_power_battery_total,None,None,Battery2SN,battery,None,pba,ABB/FIMER Battery Battery2SN Power - Battery Total,Pba,N/A,Pba,VSN700-only,Pba,Battery charge/discharge power,False,True,Datalogger,power
sensor.abb_fimer_battery_Battery2SN_temperature_battery,sensor,abb_fimer_battery_Battery2SN_temperature_battery,None,None,Battery2SN,battery,None,tba,ABB/FIMER Battery Battery2SN Temperature - Battery,Tba,N/A,Tba,VSN700-only,Tba,Battery pack temperature,False,True,Datalogger,temperature
sensor.abb_fimer_battery_Battery2SN_state_of_charge,sensor,abb_fimer_battery_Battery2SN_state_of_charge,None,battery,Battery2SN,battery,%,state_of_charge,ABB/FIMER Battery Battery2SN State of Charge,State of Charge,N/A,Soc,ABB Proprietary,Soc,State of Charge,False,True,System,
sensor.abb_fimer_battery_Battery2SN_voltage_battery_cell_max,sensor,abb_fimer_battery_Battery2SN_voltage_battery_cell_max,None,voltage,Battery2SN,battery,V,vc_max,ABB/FIMER Battery Battery2SN Voltage - Battery Cell Max,Vc Max,N/A,VcMax,VSN700-only,VcMax,Maximum voltage across battery cells,False,True,Datalogger,
sensor.abb_fimer_battery_Battery2SN_voltage_battery_cell_min,sensor,abb_fimer_battery_Battery2SN_voltage_battery_cell_min,None,voltage,Battery2SN,battery,V,vc_min,ABB/FIMER Battery Battery2SN Voltage - Battery Cell Min,Vc Min,N/A,VcMin,VSN700-only,VcMin,Minimum voltage across battery cells,False,True,Datalogger,
sensor.abb_fimer_battery_Battery2SN_temperature_cabinet_max,sensor,abb_fimer_battery_Battery2SN_temperature_cabinet_max,None,None,Battery2SN,battery,None,tc_max,ABB/FIMER Battery Battery2SN Temperature - Cabinet Max,Tc Max,N/A,TcMax,VSN700-only,TcMax,Maximum cabinet temperature recorded,False,True,Datalogger,temperature
sensor.abb_fimer_battery_Battery2SN_temperature_cabinet_min,sensor,abb_fimer_battery_Battery2SN_temperature_cabinet_min,None,None,Battery2SN,battery,None,tc_min,ABB/FIMER Battery Battery2SN Temperature - Cabinet Min,Tc Min,N/A,TcMin,VSN700-only,TcMin,Minimum cabinet temperature recorded,False,True,Datalogger,temperature
sensor.abb_fimer_battery_Battery2SN_state_of_health,sensor,abb_fimer_battery_Battery2SN_state_of_health,None,battery,Battery2SN,battery,%,state_of_health,ABB/FIMER Battery Battery2SN State of Health,State of Health,N/A,Soh,ABB Proprietary,Soh,State of Health,False,True,System,
sensor.abb_fimer_battery_Battery2SN_voltage_shunt,sensor,abb_fimer_battery_Battery2SN_voltage_shunt,None,None,Battery2SN,battery,None,sh_u,ABB/FIMER Battery Battery2SN Voltage - Shunt,Sh U,N/A,ShU,VSN700-only,ShU,Current shunt voltage,False,True,Datalogger,
sensor.abb_fimer_battery_Battery2SN_power_battery_charge,sensor,abb_fimer_battery_Battery2SN_power_battery_charge,None,power,Battery2SN,battery,W,p_ch,ABB/FIMER Battery Battery2SN Power - Battery Charge,P Ch,N/A,PCh,VSN700-only,PCh,Battery charging power,False,True,Datalogger,
sensor.abb_fimer_battery_Battery2SN_power_battery_discharge,sensor,abb_fimer_battery_Battery2SN_power_battery_discharge,None,power,Battery2SN,battery,W,p_dh,ABB/FIMER Battery Battery2SN Power - Battery Discharge,P Dh,N/A,PDh,VSN700-only,PDh,Battery discharging power,False,True,Datalogger,
sensor.abb_fimer_battery_Battery2SN_battery_charge_cycles_counter,sensor,abb_fimer_battery_Battery2SN_battery_charge_cycles_counter,None,None,Battery2SN,battery,None,chc,ABB/FIMER Battery Battery2SN Battery charge cycles counter,Chc,N/A,Chc,ABB Proprietary,Chc,Battery charge cycles counter,False,True,System,
sensor.abb_fimer_battery_Battery2SN_battery_discharge_cycles_counter,sensor,abb_fimer_battery_Battery2SN_battery_discharge_cycles_counter,None,None,Battery2SN,battery,None,dhc,ABB/FIMER Battery Battery2SN Battery discharge cycles counter,Dhc,N/A,Dhc,ABB Proprietary,Dhc,Battery discharge cycles counter,False,True,System,
sensor.abb_fimer_battery_Battery2SN_central_controller_frequency,sensor,abb_fimer_battery_Battery2SN_central_controller_frequency,None,None,Battery2SN,battery,None,fcc,ABB/FIMER Battery Battery2SN Central controller frequency,Fcc,N/A,Fcc,VSN700-only,Fcc,Central controller frequency,False,True,Datalogger,
sensor.abb_fimer_battery_Battery2SN_total_energy_from_current_transformer_ct,sensor,abb_fimer_battery_Battery2SN_total_energy_from_current_transformer_ct,None,None,Battery2SN,battery,None,e_ct,ABB/FIMER Battery Battery2SN Total energy from current transformer (CT),E Ct,N/A,ECt,VSN700-only,ECt,Total energy from current transformer (CT),False,True,Energy Counter,energy
sensor.abb_fimer_battery_Battery2SN_total_energy_from_direct_transducer_dt,sensor,abb_fimer_battery_Battery2SN_total_energy_from_direct_transducer_dt,None,None,Battery2SN,battery,None,e_dt,ABB/FIMER Battery Battery2SN Total energy from direct transducer (DT),E Dt,N/A,EDt,VSN700-only,EDt,Total energy from direct transducer (DT),False,True,Energy Counter,energy
sensor.abb_fimer_battery_Battery2SN_energy_battery_discharge_since_restart,sensor,abb_fimer_battery_Battery2SN_energy_battery_discharge_since_restart,None,energy,Battery2SN,battery,Wh,e_discharge_lifetime,ABB/FIMER Battery Battery2SN Energy - Battery Discharge Since Restart,E Discharge Lifetime,N/A,EDischarge_runtime,VSN700-only,EDischarge_runtime,Battery discharge energy - Since Restart,False,True,Battery,
sensor.abb_fimer_battery_Battery2SN_energy_battery_discharge_last_7_days,sensor,abb_fimer_battery_Battery2SN_energy_battery_discharge_last_7_days,None,energy,Battery2SN,battery,Wh,e_discharge_last_week,ABB/FIMER Battery Battery2SN Energy - Battery Discharge Last 7 Days,E Discharge Last Week,N/A,EDischarge_7D,VSN700-only,EDischarge_7D,Battery discharge energy - Last 7 Days,False,True,Battery,
sensor.abb_fimer_battery_Battery2SN_energy_battery_discharge_last_30_days,sensor,abb_fimer_battery_Battery2SN_energy_battery_discharge_last_30_days,None,energy,Battery2SN,battery,Wh,e_discharge_last_month,ABB/FIMER Battery Battery2SN Energy - Battery Discharge Last 30 Days,E Discharge Last Month,N/A,EDischarge_30D,VSN700-only,EDischarge_30D,Battery discharge energy - Last 30 Days,False,True,Battery,
sensor.abb_fimer_battery_Battery2SN_energy_battery_discharge_lifetime,sensor,abb_fimer_battery_Battery2SN_energy_battery_discharge_lifetime,None,energy,Battery2SN,battery,kWh,e_discharge,ABB/FIMER Battery Battery2SN Energy - Battery Discharge Lifetime,E Discharge,N/A,EDischarge,M64061,EDischarge,Battery discharge energy - Lifetime,True,True,Status,
sensor.abb_fimer_battery_Battery2SN_energy_battery_charge_since_restart,sensor,abb_fimer_battery_Battery2SN_energy_battery_charge_since_restart,None,energy,Battery2SN,battery,Wh,e_charge_lifetime,ABB/FIMER Battery Battery2SN Energy - Battery Charge Since Restart,E Charge Lifetime,N/A,ECharge_runtime,VSN700-only,ECharge_runtime,Battery charge energy - Since Restart,False,True,Battery,
sensor.abb_fimer_battery_Battery2SN_energy_battery_charge_last_7_days,sensor,abb_fimer_battery_Battery2SN_energy_battery_charge_last_7_days,None,energy,Battery2SN,battery,Wh,e_charge_last_week,ABB/FIMER Battery Battery2SN Energy - Battery Charge Last 7 Days,E Charge Last Week,N/A,ECharge_7D,VSN700-only,ECharge_7D,Battery charge energy - Last 7 Days,False,True,Battery,
sensor.abb_fimer_battery_Battery2SN_energy_battery_charge_last_30_days,sensor,abb_fimer_battery_Battery2SN_energy_battery_charge_last_30_days,None,energy,Battery2SN,battery,Wh,e_charge_last_month,ABB/FIMER Battery Battery2SN Energy - Battery Charge Last 30 Days,E Charge Last Month,N/A,ECharge_30D,VSN700-only,ECharge_30D,Battery charge energy - Last 30 Days,False,True,Battery,
sensor.abb_fimer_battery_Battery2SN_energy_battery_charge_lifetime,sensor,abb_fimer_battery_Battery2SN_energy_battery_charge_lifetime,None,energy,Battery2SN,battery,kWh,e_charge,ABB/FIMER Battery Battery2SN Energy - Battery Charge Lifetime,E Charge,N/A,ECharge,M64061,ECharge,Battery charge energy - Lifetime,True,True,Status,
sensor.abb_fimer_battery_Battery2SN_count_battery_cycles,sensor,abb_fimer_battery_Battery2SN_count_battery_cycles,None,None,Battery2SN,battery,cycles,cycle_num,ABB/FIMER Battery Battery2SN Count - Battery Cycles,Cycle Num,N/A,CycleNum,VSN700-only,CycleNum,Battery charge/discharge cycle count,False,True,Datalogger,
sensor.abb_fimer_inverter_react2_5_0_tl_InverterSN_country_grid_standard_setting,sensor,abb_fimer_inverter_react2_5_0_tl_InverterSN_country_grid_standard_setting,mdi:information-box-outline,None,InverterSN,inverter_1phase,None,country_std,ABB/FIMER Inverter REACT2-5.0-TL (InverterSN) Country grid standard setting,Country Std,CountryStd,CountryStd,ABB Proprietary,CountryStd,Country grid standard setting,False,True,System,
sensor.abb_fimer_inverter_react2_5_0_tl_InverterSN_input_mode,sensor,abb_fimer_inverter_react2_5_0_tl_InverterSN_input_mode,None,None,InverterSN,inverter_1phase,None,input_mode,ABB/FIMER Inverter REACT2-5.0-TL (InverterSN) Input Mode,Input Mode,N/A,InputMode,VSN700-only,InputMode,Input Mode,False,True,System Monitoring,
sensor.abb_fimer_inverter_react2_5_0_tl_InverterSN_count_mppt_channels,sensor,abb_fimer_inverter_react2_5_0_tl_InverterSN_count_mppt_channels,None,None,InverterSN,inverter_1phase,channels,num_of_mppt,ABB/FIMER Inverter REACT2-5.0-TL (InverterSN) Count - MPPT Channels,Num Of MPPT,N/A,NumOfMPPT,VSN700-only,NumOfMPPT,Number of MPPT DC input channels,False,True,Inverter,
sensor.abb_fimer_inverter_react2_5_0_tl_InverterSN_power_rating,sensor,abb_fimer_inverter_react2_5_0_tl_InverterSN_power_rating,None,power,InverterSN,inverter_1phase,W,w_rtg,ABB/FIMER Inverter REACT2-5.0-TL (InverterSN) Power - Rating,W Rtg,N/A,WRtg,VSN700-only,WRtg,Inverter rated power capacity,False,True,Datalogger,
sensor.abb_fimer_inverter_react2_5_0_tl_InverterSN_current_dc_string_1,sensor,abb_fimer_inverter_react2_5_0_tl_InverterSN_current_dc_string_1,None,None,InverterSN,inverter_1phase,None,iin1,ABB/FIMER Inverter REACT2-5.0-TL (InverterSN) Current DC - String 1,Iin1,N/A,Iin1,VSN700-only,Iin1,DC Current (String 1),False,True,Datalogger,current
sensor.abb_fimer_inverter_react2_5_0_tl_InverterSN_voltage_dc_input_1,sensor,abb_fimer_inverter_react2_5_0_tl_InverterSN_voltage_dc_input_1,None,None,InverterSN,inverter_1phase,None,vin1,ABB/FIMER Inverter REACT2-5.0-TL (InverterSN) Voltage DC - Input 1,Vin1,N/A,Vin1,VSN700-only,Vin1,DC string 1 input voltage,False,True,Datalogger,voltage
sensor.abb_fimer_inverter_react2_5_0_tl_InverterSN_power_dc_string_1,sensor,abb_fimer_inverter_react2_5_0_tl_InverterSN_power_dc_string_1,None,power,InverterSN,inverter_1phase,W,pin1,ABB/FIMER Inverter REACT2-5.0-TL (InverterSN) Power DC - String 1,Pin1,N/A,Pin1,VSN700-only,Pin1,DC Input Power (String 1),False,True,Datalogger,
sensor.abb_fimer_inverter_react2_5_0_tl_InverterSN_current_dc_string_2,sensor,abb_fimer_inverter_react2_5_0_tl_InverterSN_current_dc_string_2,None,None,InverterSN,inverter_1phase,None,iin2,ABB/FIMER Inverter REACT2-5.0-TL (InverterSN) Current DC - String 2,Iin2,N/A,Iin2,VSN700-only,Iin2,DC Current (String 2),False,True,Datalogger,current
sensor.abb_fimer_inverter_react2_5_0_tl_InverterSN_voltage_dc_input_2,sensor,abb_fimer_inverter_react2_5_0_tl_InverterSN_voltage_dc_input_2,None,None,InverterSN,inverter_1phase,None,vin2,ABB/FIMER Inverter REACT2-5.0-TL (InverterSN) Voltage DC - Input 2,Vin2,N/A,Vin2,VSN700-only,Vin2,DC string 2 input voltage,False,True,Datalogger,voltage
sensor.abb_fimer_inverter_react2_5_0_tl_InverterSN_power_dc_string_2,sensor,abb_fimer_inverter_react2_5_0_tl_InverterSN_power_dc_string_2,None,power,InverterSN,inverter_1phase,W,pin2,ABB/FIMER Inverter REACT2-5.0-TL (InverterSN) Power DC - String 2,Pin2,N/A,Pin2,VSN700-only,Pin2,DC Input Power (String 2),False,True,Datalogger,
sensor.abb_fimer_inverter_react2_5_0_tl_InverterSN_power_dc_input_total,sensor,abb_fimer_inverter_react2_5_0_tl_InverterSN_power_dc_input_total,None,power,InverterSN,inverter_1phase,W,pin,ABB/FIMER Inverter REACT2-5.0-TL (InverterSN) Power DC - Input Total,Pin,N/A,Pin,VSN700-only,Pin,Total DC Input Power,False,True,Datalogger,
sensor.abb_fimer_inverter_react2_5_0_tl_InverterSN_current_ac,sensor,abb_fimer_inverter_react2_5_0_tl_InverterSN_current_ac,None,current,InverterSN,inverter_1phase,A,amps,ABB/FIMER Inverter REACT2-5.0-TL (InverterSN) Current AC,Amps,m103_1_A,Igrid,M103,A,AC Current,True,True,Inverter,
sensor.abb_fimer_inverter_react2_5_0_tl_InverterSN_power_ac,sensor,abb_fimer_inverter_react2_5_0_tl_InverterSN_power_ac,None,power,InverterSN,inverter_1phase,W,watts,ABB/FIMER Inverter REACT2-5.0-TL (InverterSN) Power AC,Watts,m103_1_W,Pgrid,M103,W,AC Power,True,True,Inverter,
sensor.abb_fimer_inverter_react2_5_0_tl_InverterSN_voltage_ac_phase_a_n,sensor,abb_fimer_inverter_react2_5_0_tl_InverterSN_voltage_ac_phase_a_n,None,voltage,InverterSN,inverter_1phase,V,phase_voltage_an,ABB/FIMER Inverter REACT2-5.0-TL (InverterSN) Voltage AC - Phase A-N,Phase Voltage AN,m103_1_PhVphA,Vgrid,M103,PhVphA,AC Voltage Phase A-N,True,True,Inverter,
sensor.abb_fimer_inverter_react2_5_0_tl_InverterSN_reactive_power_grid_connection,sensor,abb_fimer_inverter_react2_5_0_tl_InverterSN_reactive_power_grid_connection,None,reactive_power,InverterSN,inverter_1phase,var,var,ABB/FIMER Inverter REACT2-5.0-TL (InverterSN) Reactive Power - Grid Connection,VAr,N/A,Qgrid,M103,VAr,Reactive power at grid connection point,True,True,Inverter,
sensor.abb_fimer_inverter_react2_5_0_tl_InverterSN_frequency_ac_grid,sensor,abb_fimer_inverter_react2_5_0_tl_InverterSN_frequency_ac_grid,None,frequency,InverterSN,inverter_1phase,Hz,hz,ABB/FIMER Inverter REACT2-5.0-TL (InverterSN) Frequency AC - Grid,Hz,m103_1_Hz,Fgrid,M103,Hz,Grid frequency,True,True,Inverter,
sensor.abb_fimer_inverter_react2_5_0_tl_InverterSN_power_peak,sensor,abb_fimer_inverter_react2_5_0_tl_InverterSN_power_peak,None,power,InverterSN,inverter_1phase,W,ppeak,ABB/FIMER Inverter REACT2-5.0-TL (InverterSN) Power - Peak,Ppeak,N/A,Ppeak,VSN700-only,Ppeak,Maximum instantaneous power,False,True,Datalogger,
sensor.abb_fimer_inverter_react2_5_0_tl_InverterSN_power_factor,sensor,abb_fimer_inverter_react2_5_0_tl_InverterSN_power_factor,None,power_factor,InverterSN,inverter_1phase,None,cos_phi,ABB/FIMER Inverter REACT2-5.0-TL (InverterSN) Power Factor,Cos Phi,N/A,cosPhi,VSN700-only,cosPhi,Power factor (cosine phi),False,True,Datalogger,
sensor.abb_fimer_inverter_react2_5_0_tl_InverterSN_split_phase_configuration_flag,sensor,abb_fimer_inverter_react2_5_0_tl_InverterSN_split_phase_configuration_flag,None,None,InverterSN,inverter_1phase,None,split_phase,ABB/FIMER Inverter REACT2-5.0-TL (InverterSN) Split-phase configuration flag,Split Phase,N/A,SplitPhase,ABB Proprietary,SplitPhase,Split-phase configuration flag,False,True,System,
sensor.abb_fimer_inverter_react2_5_0_tl_InverterSN_voltage_ac_phase_a_n_2,sensor,abb_fimer_inverter_react2_5_0_tl_InverterSN_voltage_ac_phase_a_n_2,None,voltage,InverterSN,inverter_1phase,V,vgrid_l1_n,ABB/FIMER Inverter REACT2-5.0-TL (InverterSN) Voltage AC - Phase A-N,Vgrid L1 N,N/A,VgridL1_N,VSN700-only,VgridL1_N,AC Voltage Phase A-N,False,True,Datalogger,
sensor.abb_fimer_inverter_react2_5_0_tl_InverterSN_voltage_ac_phase_b_n,sensor,abb_fimer_inverter_react2_5_0_tl_InverterSN_voltage_ac_phase_b_n,None,voltage,InverterSN,inverter_1phase,V,vgrid_l2_n,ABB/FIMER Inverter REACT2-5.0-TL (InverterSN) Voltage AC - Phase B-N,Vgrid L2 N,N/A,VgridL2_N,VSN700-only,VgridL2_N,AC Voltage Phase B-N,False,True,Datalogger,
sensor.abb_fimer_inverter_react2_5_0_tl_InverterSN_power_ac_export_to_grid,sensor,abb_fimer_inverter_react2_5_0_tl_InverterSN_power_ac_export_to_grid,None,power,InverterSN,inverter_1phase,W,pac_togrid,ABB/FIMER Inverter REACT2-5.0-TL (InverterSN) Power AC - Export to Grid,PAC Togrid,N/A,PacTogrid,VSN700-only,PacTogrid,AC power exported to grid,False,True,Datalogger,
sensor.abb_fimer_inverter_react2_5_0_tl_InverterSN_power_ac_stand_alone_mode,sensor,abb_fimer_inverter_react2_5_0_tl_InverterSN_power_ac_stand_alone_mode,None,power,InverterSN,inverter_1phase,W,pac_stand_alone,ABB/FIMER Inverter REACT2-5.0-TL (InverterSN) Power AC - Stand Alone Mode,PAC Stand Alone,N/A,PacStandAlone,VSN700-only,PacStandAlone,AC power in stand-alone (off-grid) mode,False,True,Datalogger,
sensor.abb_fimer_inverter_react2_5_0_tl_InverterSN_temperature_sensor_1,sensor,abb_fimer_inverter_react2_5_0_tl_InverterSN_temperature_sensor_1,None,temperature,InverterSN,inverter_1phase,°F,temp1,ABB/FIMER Inverter REACT2-5.0-TL (InverterSN) Temperature - Sensor 1,Temp1,N/A,Temp1,VSN700-only,Temp1,Additional temperature sensor 1,False,True,Datalogger,
sensor.abb_fimer_inverter_react2_5_0_tl_InverterSN_temperature_inverter,sensor,abb_fimer_inverter_react2_5_0_tl_InverterSN_temperature_inverter,None,temperature,InverterSN,inverter_1phase,°F,temp_inv,ABB/FIMER Inverter REACT2-5.0-TL (InverterSN) Temperature - Inverter,Temp Inv,N/A,TempInv,VSN700-only,TempInv,Inverter internal temperature,False,True,Datalogger,
sensor.abb_fimer_inverter_react2_5_0_tl_InverterSN_temperature_booster,sensor,abb_fimer_inverter_react2_5_0_tl_InverterSN_temperature_booster,None,temperature,InverterSN,inverter_1phase,°F,temp_bst,ABB/FIMER Inverter REACT2-5.0-TL (InverterSN) Temperature - Booster,Temp Bst,N/A,TempBst,VSN700-only,TempBst,DC-DC boost converter temperature,False,True,Datalogger,
sensor.abb_fimer_inverter_react2_5_0_tl_InverterSN_voltage_dc_bulk_capacitor,sensor,abb_fimer_inverter_react2_5_0_tl_InverterSN_voltage_dc_bulk_capacitor,None,voltage,InverterSN,inverter_1phase,V,v_bulk,ABB/FIMER Inverter REACT2-5.0-TL (InverterSN) Voltage DC - Bulk Capacitor,V Bulk,m64061_1_VBulk,VBulk,M64061,VBulk,DC Voltage (Bulk Capacitor),True,True,Inverter,
sensor.abb_fimer_inverter_react2_5_0_tl_InverterSN_voltage_dc_bus_midpoint,sensor,abb_fimer_inverter_react2_5_0_tl_InverterSN_voltage_dc_bus_midpoint,None,voltage,InverterSN,inverter_1phase,V,v_bulk_mid,ABB/FIMER Inverter REACT2-5.0-TL (InverterSN) Voltage DC - Bus Midpoint,V Bulk Mid,m64061_1_VBulkMid,VBulkMid,M64061,VBulkMid,DC bus bulk capacitor midpoint voltage,True,True,Inverter,
sensor.abb_fimer_inverter_react2_5_0_tl_InverterSN_resistance_insulation,sensor,abb_fimer_inverter_react2_5_0_tl_InverterSN_resistance_insulation,None,None,InverterSN,inverter_1phase,None,riso,ABB/FIMER Inverter REACT2-5.0-TL (InverterSN) Resistance - Insulation,Riso,N/A,Riso,VSN700-only,Riso,DC insulation resistance to ground,False,True,Datalogger,
sensor.abb_fimer_inverter_react2_5_0_tl_InverterSN_current_inverter_leakage,sensor,abb_fimer_inverter_react2_5_0_tl_InverterSN_current_inverter_leakage,None,None,InverterSN,inverter_1phase,None,ileak_inv,ABB/FIMER Inverter REACT2-5.0-TL (InverterSN) Current - Inverter Leakage,Ileak Inv,N/A,IleakInv,VSN700-only,IleakInv,Inverter ground fault leakage current,False,True,Datalogger,current
sensor.abb_fimer_inverter_react2_5_0_tl_InverterSN_current_dc_leakage,sensor,abb_fimer_inverter_react2_5_0_tl_InverterSN_current_dc_leakage,None,None,InverterSN,inverter_1phase,None,ileak_d_c,ABB/FIMER Inverter REACT2-5.0-TL (InverterSN) Current DC - Leakage,Ileak D C,N/A,IleakDC,VSN700-only,IleakDC,DC side ground fault leakage current,False,True,Datalogger,current
sensor.abb_fimer_inverter_react2_5_0_tl_InverterSN_voltage_ground,sensor,abb_fimer_inverter_react2_5_0_tl_InverterSN_voltage_ground,None,voltage,InverterSN,inverter_1phase,V,vgnd,ABB/FIMER Inverter REACT2-5.0-TL (InverterSN) Voltage - Ground,Vgnd,N/A,Vgnd,VSN700-only,Vgnd,Voltage to ground reference,False,True,Datalogger,
sensor.abb_fimer_inverter_react2_5_0_tl_InverterSN_system_time,sensor,abb_fimer_inverter_react2_5_0_tl_InverterSN_system_time,mdi:information-box-outline,None,InverterSN,inverter_1phase,None,sys_time,ABB/FIMER Inverter REACT2-5.0-TL (InverterSN) System Time,Sys Time,m64061_1_SysTime,SysTime,"M64061, ABB Proprietary",SysTime,Inverter system timestamp,False,True,System,timestamp
sensor.abb_fimer_inverter_react2_5_0_tl_InverterSN_global_operational_state,sensor,abb_fimer_inverter_react2_5_0_tl_InverterSN_global_operational_state,None,None,InverterSN,inverter_1phase,None,glob_state,ABB/FIMER Inverter REACT2-5.0-TL (InverterSN) Global operational state,Glob State,N/A,GlobState,VSN700-only,GlobState,Global operational state,False,True,Status,
sensor.abb_fimer_inverter_react2_5_0_tl_InverterSN_alarm_state,sensor,abb_fimer_inverter_react2_5_0_tl_InverterSN_alarm_state,None,None,InverterSN,inverter_1phase,None,alarm_state,ABB/FIMER Inverter REACT2-5.0-TL (InverterSN) Alarm State,Alarm State,N/A,AlarmState,M64061,AlarmState,Alarm State,True,True,Status,
sensor.abb_fimer_inverter_react2_5_0_tl_InverterSN_dc_input_1_state,sensor,abb_fimer_inverter_react2_5_0_tl_InverterSN_dc_input_1_state,None,None,InverterSN,inverter_1phase,None,d_c1_state,ABB/FIMER Inverter REACT2-5.0-TL (InverterSN) DC Input 1 State,DC1 State,N/A,DC1State,VSN700-only,DC1State,DC string 1 operating state,False,True,Status,
sensor.abb_fimer_inverter_react2_5_0_tl_InverterSN_dc_input_2_state,sensor,abb_fimer_inverter_react2_5_0_tl_InverterSN_dc_input_2_state,None,None,InverterSN,inverter_1phase,None,d_c2_state,ABB/FIMER Inverter REACT2-5.0-TL (InverterSN) DC Input 2 State,DC2 State,N/A,DC2State,VSN700-only,DC2State,DC string 2 operating state,False,True,Status,
sensor.abb_fimer_inverter_react2_5_0_tl_InverterSN_inverter_state,sensor,abb_fimer_inverter_react2_5_0_tl_InverterSN_inverter_state,None,None,InverterSN,inverter_1phase,None,inv_state,ABB/FIMER Inverter REACT2-5.0-TL (InverterSN) Inverter State,Inv State,N/A,InvState,VSN700-only,InvState,Current operational state of inverter,False,True,Status,
sensor.abb_fimer_inverter_react2_5_0_tl_InverterSN_warning_flags,sensor,abb_fimer_inverter_react2_5_0_tl_InverterSN_warning_flags,None,None,InverterSN,inverter_1phase,None,warning_flags,ABB/FIMER Inverter REACT2-5.0-TL (InverterSN) Warning Flags,Warning Flags,N/A,WarningFlags,VSN700-only,WarningFlags,Active warning condition flags,False,True,Datalogger,
sensor.abb_fimer_inverter_react2_5_0_tl_InverterSN_ac_power_derating_flags,sensor,abb_fimer_inverter_react2_5_0_tl_InverterSN_ac_power_derating_flags,None,None,InverterSN,inverter_1phase,None,pac_derating_flags,ABB/FIMER Inverter REACT2-5.0-TL (InverterSN) AC Power Derating Flags,PAC Derating Flags,N/A,PACDeratingFlags,VSN700-only,PACDeratingFlags,AC power derating active condition flags,False,True,Datalogger,
sensor.abb_fimer_inverter_react2_5_0_tl_InverterSN_reactive_power_derating,sensor,abb_fimer_inverter_react2_5_0_tl_InverterSN_reactive_power_derating,None,None,InverterSN,inverter_1phase,None,qac_derating_flags,ABB/FIMER Inverter REACT2-5.0-TL (InverterSN) Reactive Power Derating,QAC Derating Flags,N/A,QACDeratingFlags,VSN700-only,QACDeratingFlags,Reactive power AC derating flags,False,True,Datalogger,
sensor.abb_fimer_inverter_react2_5_0_tl_InverterSN_apparent_power_derating,sensor,abb_fimer_inverter_react2_5_0_tl_InverterSN_apparent_power_derating,None,None,InverterSN,inverter_1phase,None,sac_derating_flags,ABB/FIMER Inverter REACT2-5.0-TL (InverterSN) Apparent Power Derating,SAC Derating Flags,N/A,SACDeratingFlags,VSN700-only,SACDeratingFlags,Apparent power AC derating flags,False,True,Datalogger,
sensor.abb_fimer_inverter_react2_5_0_tl_InverterSN_fault_ride_through_frt_status,sensor,abb_fimer_inverter_react2_5_0_tl_InverterSN_fault_ride_through_frt_status,None,None,InverterSN,inverter_1phase,None,frt_state,ABB/FIMER Inverter REACT2-5.0-TL (InverterSN) Fault Ride Through (FRT) status,FRT State,N/A,FRT_state,VSN700-only,FRT_state,Fault Ride Through (FRT) status,False,True,Status,
sensor.abb_fimer_inverter_react2_5_0_tl_InverterSN_clock_state,sensor,abb_fimer_inverter_react2_5_0_tl_InverterSN_clock_state,None,None,InverterSN,inverter_1phase,None,clock_state,ABB/FIMER Inverter REACT2-5.0-TL (InverterSN) Clock State,Clock State,N/A,ClockState,VSN700-only,ClockState,Clock State,False,True,Status,
sensor.abb_fimer_inverter_react2_5_0_tl_InverterSN_model_126_enabled,sensor,abb_fimer_inverter_react2_5_0_tl_InverterSN_model_126_enabled,None,None,InverterSN,inverter_1phase,None,m126_mod_ena,ABB/FIMER Inverter REACT2-5.0-TL (InverterSN) Model 126 Enabled,M126 Mod Ena,N/A,m126Mod_Ena,VSN700-only,m126Mod_Ena,SunSpec Model 126 module enabled,False,True,Datalogger,
sensor.abb_fimer_inverter_react2_5_0_tl_InverterSN_model_132_enabled,sensor,abb_fimer_inverter_react2_5_0_tl_InverterSN_model_132_enabled,None,None,InverterSN,inverter_1phase,None,m132_mod_ena,ABB/FIMER Inverter REACT2-5.0-TL (InverterSN) Model 132 Enabled,M132 Mod Ena,N/A,m132Mod_Ena,VSN700-only,m132Mod_Ena,SunSpec Model 132 module enabled,False,True,Datalogger,
sensor.abb_fimer_inverter_react2_5_0_tl_InverterSN_speed_fan_1,sensor,abb_fimer_inverter_react2_5_0_tl_InverterSN_speed_fan_1,None,None,InverterSN,inverter_1phase,RPM,fan1rpm,ABB/FIMER Inverter REACT2-5.0-TL (InverterSN) Speed - Fan 1,Fan1Rpm,N/A,Fan1rpm,VSN700-only,Fan1rpm,Cooling fan 1 speed in RPM,False,True,Datalogger,
sensor.abb_fimer_inverter_react2_5_0_tl_InverterSN_speed_fan_2,sensor,abb_fimer_inverter_react2_5_0_tl_InverterSN_speed_fan_2,None,None,InverterSN,inverter_1phase,RPM,fan2rpm,ABB/FIMER Inverter REACT2-5.0-TL (InverterSN) Speed - Fan 2,Fan2Rpm,N/A,Fan2rpm,VSN700-only,Fan2rpm,Cooling fan 2 speed in RPM,False,True,Datalogger,
sensor.abb_fimer_inverter_react2_5_0_tl_InverterSN_energy_ac_produced_since_restart,sensor,abb_fimer_inverter_react2_5_0_tl_InverterSN_energy_ac_produced_since_restart,None,energy,InverterSN,inverter_1phase,Wh,e0_lifetime,ABB/FIMER Inverter REACT2-5.0-TL (InverterSN) Energy AC - Produced Since Restart,E0 Lifetime,N/A,E0_runtime,VSN700-only,E0_runtime,Inverter AC energy produced - Since Restart,False,True,Energy Counter,
sensor.abb_fimer_inverter_react2_5_0_tl_InverterSN_energy_ac_produced_last_7_days,sensor,abb_fimer_inverter_react2_5_0_tl_InverterSN_energy_ac_produced_last_7_days,None,energy,InverterSN,inverter_1phase,Wh,e0_last_week,ABB/FIMER Inverter REACT2-5.0-TL (InverterSN) Energy AC - Produced Last 7 Days,E0 Last Week,N/A,E0_7D,VSN700-only,E0_7D,Inverter AC energy produced - Last 7 Days,False,True,Energy Counter,
sensor.abb_fimer_inverter_react2_5_0_tl_InverterSN_energy_ac_produced_last_30_days,sensor,abb_fimer_inverter_react2_5_0_tl_InverterSN_energy_ac_produced_last_30_days,None,energy,InverterSN,inverter_1phase,Wh,e0_last_month,ABB/FIMER Inverter REACT2-5.0-TL (InverterSN) Energy AC - Produced Last 30 Days,E0 Last Month,N/A,E0_30D,VSN700-only,E0_30D,Inverter AC energy produced - Last 30 Days,False,True,Energy Counter,
sensor.abb_fimer_inverter_react2_5_0_tl_InverterSN_energy_ac_produced_last_year,sensor,abb_fimer_inverter_react2_5_0_tl_InverterSN_energy_ac_produced_last_year,None,energy,InverterSN,inverter_1phase,Wh,e0_1_year,ABB/FIMER Inverter REACT2-5.0-TL (InverterSN) Energy AC - Produced Last Year,E0 1 Year,N/A,E0_1Y,VSN700-only,E0_1Y,Inverter AC energy produced - Last Year,False,True,Energy Counter,
sensor.abb_fimer_inverter_react2_5_0_tl_InverterSN_energy_ac_absorbed_since_restart,sensor,abb_fimer_inverter_react2_5_0_tl_InverterSN_energy_ac_absorbed_since_restart,None,energy,InverterSN,inverter_1phase,Wh,e1_lifetime,ABB/FIMER Inverter REACT2-5.0-TL (InverterSN) Energy AC - Absorbed Since Restart,E1 Lifetime,N/A,E1_runtime,VSN700-only,E1_runtime,Inverter absorbed AC energy - Since Restart,False,True,Energy Counter,
sensor.abb_fimer_inverter_react2_5_0_tl_InverterSN_energy_ac_absorbed_last_7_days,sensor,abb_fimer_inverter_react2_5_0_tl_InverterSN_energy_ac_absorbed_last_7_days,None,energy,InverterSN,inverter_1phase,Wh,e1_last_week,ABB/FIMER Inverter REACT2-5.0-TL (InverterSN) Energy AC - Absorbed Last 7 Days,E1 Last Week,N/A,E1_7D,VSN700-only,E1_7D,Inverter absorbed AC energy - Last 7 Days,False,True,Energy Counter,
sensor.abb_fimer_inverter_react2_5_0_tl_InverterSN_energy_ac_absorbed_last_30_days,sensor,abb_fimer_inverter_react2_5_0_tl_InverterSN_energy_ac_absorbed_last_30_days,None,energy,InverterSN,inverter_1phase,Wh,e1_last_month,ABB/FIMER Inverter REACT2-5.0-TL (InverterSN) Energy AC - Absorbed Last 30 Days,E1 Last Month,N/A,E1_30D,VSN700-only,E1_30D,Inverter absorbed AC energy - Last 30 Days,False,True,Energy Counter,
sensor.abb_fimer_inverter_react2_5_0_tl_InverterSN_energy_ac_apparent_since_restart,sensor,abb_fimer_inverter_react2_5_0_tl_InverterSN_energy_ac_apparent_since_restart,mdi:lightning-bolt,None,InverterSN,inverter_1phase,VAh,e2_lifetime,ABB/FIMER Inverter REACT2-5.0-TL (InverterSN) Energy AC Apparent - Since Restart,E2 Lifetime,N/A,E2_runtime,VSN700-only,E2_runtime,Inverter apparent AC energy - Since Restart,False,True,Energy Counter,energy
sensor.abb_fimer_inverter_react2_5_0_tl_InverterSN_energy_ac_apparent_last_7_days,sensor,abb_fimer_inverter_react2_5_0_tl_InverterSN_energy_ac_apparent_last_7_days,mdi:lightning-bolt,None,InverterSN,inverter_1phase,VAh,e2_last_week,ABB/FIMER Inverter REACT2-5.0-TL (InverterSN) Energy AC Apparent - Last 7 Days,E2 Last Week,N/A,E2_7D,VSN700-only,E2_7D,Inverter apparent AC energy - Last 7 Days,False,True,Energy Counter,energy
sensor.abb_fimer_inverter_react2_5_0_tl_InverterSN_energy_ac_apparent_last_30_days,sensor,abb_fimer_inverter_react2_5_0_tl_InverterSN_energy_ac_apparent_last_30_days,mdi:lightning-bolt,None,InverterSN,inverter_1phase,VAh,e2_last_month,ABB/FIMER Inverter REACT2-5.0-TL (InverterSN) Energy AC Apparent - Last 30 Days,E2 Last Month,N/A,E2_30D,VSN700-only,E2_30D,Inverter apparent AC energy - Last 30 Days,False,True,Energy Counter,energy
sensor.abb_fimer_inverter_react2_5_0_tl_InverterSN_self_consumed_energy_since_restart,sensor,abb_fimer_inverter_react2_5_0_tl_InverterSN_self_consumed_energy_since_restart,None,None,InverterSN,inverter_1phase,None,e4_lifetime,ABB/FIMER Inverter REACT2-5.0-TL (InverterSN) Self-consumed energy - Since Restart,E4 Lifetime,N/A,E4_runtime,VSN700-only,E4_runtime,Self-consumed energy - Since Restart,False,True,Energy Counter,energy
sensor.abb_fimer_inverter_react2_5_0_tl_InverterSN_self_consumed_energy_last_7_days,sensor,abb_fimer_inverter_react2_5_0_tl_InverterSN_self_consumed_energy_last_7_days,None,None,InverterSN,inverter_1phase,None,e4_last_week,ABB/FIMER Inverter REACT2-5.0-TL (InverterSN) Self-consumed energy - Last 7 Days,E4 Last Week,N/A,E4_7D,VSN700-only,E4_7D,Self-consumed energy - Last 7 Days,False,True,Energy Counter,energy
sensor.abb_fimer_inverter_react2_5_0_tl_InverterSN_self_consumed_energy_last_30_days,sensor,abb_fimer_inverter_react2_5_0_tl_InverterSN_self_consumed_energy_last_30_days,None,None,InverterSN,inverter_1phase,None,e4_last_month,ABB/FIMER Inverter REACT2-5.0-TL (InverterSN) Self-consumed energy - Last 30 Days,E4 Last Month,N/A,E4_30D,VSN700-only,E4_30D,Self-consumed energy - Last 30 Days,False,True,Energy Counter,energy
sensor.abb_fimer_inverter_react2_5_0_tl_InverterSN_energy_battery_charge_since_restart,sensor,abb_fimer_inverter_react2_5_0_tl_InverterSN_energy_battery_charge_since_restart,None,None,InverterSN,inverter_1phase,None,e5_lifetime,ABB/FIMER Inverter REACT2-5.0-TL (InverterSN) Energy - Battery Charge Since Restart,E5 Lifetime,N/A,E5_runtime,VSN700-only,E5_runtime,Battery charge energy - Since Restart,False,True,Energy Counter,energy
sensor.abb_fimer_inverter_react2_5_0_tl_InverterSN_energy_battery_charge_last_7_days,sensor,abb_fimer_inverter_react2_5_0_tl_InverterSN_energy_battery_charge_last_7_days,None,None,InverterSN,inverter_1phase,None,e5_last_week,ABB/FIMER Inverter REACT2-5.0-TL (InverterSN) Energy - Battery Charge Last 7 Days,E5 Last Week,N/A,E5_7D,VSN700-only,E5_7D,Battery charge energy - Last 7 Days,False,True,Energy Counter,energy
sensor.abb_fimer_inverter_react2_5_0_tl_InverterSN_energy_battery_charge_last_30_days,sensor,abb_fimer_inverter_react2_5_0_tl_InverterSN_energy_battery_charge_last_30_days,None,None,InverterSN,inverter_1phase,None,e5_last_month,ABB/FIMER Inverter REACT2-5.0-TL (InverterSN) Energy - Battery Charge Last 30 Days,E5 Last Month,N/A,E5_30D,VSN700-only,E5_30D,Battery charge energy - Last 30 Days,False,True,Energy Counter,energy
sensor.abb_fimer_inverter_react2_5_0_tl_InverterSN_energy_ac_backup_output_since_restart,sensor,abb_fimer_inverter_react2_5_0_tl_InverterSN_energy_ac_backup_output_since_restart,None,energy,InverterSN,inverter_1phase,Wh,e15_lifetime,ABB/FIMER Inverter REACT2-5.0-TL (InverterSN) Energy AC - Backup Output Since Restart,E15 Lifetime,N/A,E15_runtime,VSN700-only,E15_runtime,Inverter backup output energy - Since Restart,False,True,Energy Counter,
sensor.abb_fimer_inverter_react2_5_0_tl_InverterSN_energy_ac_backup_output_last_7_days,sensor,abb_fimer_inverter_react2_5_0_tl_InverterSN_energy_ac_backup_output_last_7_days,None,energy,InverterSN,inverter_1phase,Wh,e15_last_week,ABB/FIMER Inverter REACT2-5.0-TL (InverterSN) Energy AC - Backup Output Last 7 Days,E15 Last Week,N/A,E15_7D,VSN700-only,E15_7D,Inverter backup output energy - Last 7 Days,False,True,Energy Counter,
sensor.abb_fimer_inverter_react2_5_0_tl_InverterSN_energy_ac_backup_output_last_30_days,sensor,abb_fimer_inverter_react2_5_0_tl_InverterSN_energy_ac_backup_output_last_30_days,None,energy,InverterSN,inverter_1phase,Wh,e15_last_month,ABB/FIMER Inverter REACT2-5.0-TL (InverterSN) Energy AC - Backup Output Last 30 Days,E15 Last Month,N/A,E15_30D,VSN700-only,E15_30D,Inverter backup output energy - Last 30 Days,False,True,Energy Counter,
sensor.abb_fimer_inverter_react2_5_0_tl_InverterSN_energy_dc_pv_input_since_restart,sensor,abb_fimer_inverter_react2_5_0_tl_InverterSN_energy_dc_pv_input_since_restart,None,energy,InverterSN,inverter_1phase,Wh,ein_lifetime,ABB/FIMER Inverter REACT2-5.0-TL (InverterSN) Energy DC - PV Input Since Restart,Ein Lifetime,N/A,Ein_runtime,VSN700-only,Ein_runtime,Inverter PV energy (DC input) - Since Restart,False,True,Energy Counter,
sensor.abb_fimer_inverter_react2_5_0_tl_InverterSN_energy_dc_pv_input_last_7_days,sensor,abb_fimer_inverter_react2_5_0_tl_InverterSN_energy_dc_pv_input_last_7_days,None,energy,InverterSN,inverter_1phase,Wh,ein_last_week,ABB/FIMER Inverter REACT2-5.0-TL (InverterSN) Energy DC - PV Input Last 7 Days,Ein Last Week,N/A,Ein_7D,VSN700-only,Ein_7D,Inverter PV energy (DC input) - Last 7 Days,False,True,Energy Counter,
sensor.abb_fimer_inverter_react2_5_0_tl_InverterSN_energy_dc_pv_input_last_30_days,sensor,abb_fimer_inverter_react2_5_0_tl_InverterSN_energy_dc_pv_input_last_30_days,None,energy,InverterSN,inverter_1phase,Wh,ein_last_month,ABB/FIMER Inverter REACT2-5.0-TL (InverterSN) Energy DC - PV Input Last 30 Days,Ein Last Month,N/A,Ein_30D,VSN700-only,Ein_30D,Inverter PV energy (DC input) - Last 30 Days,False,True,Energy Counter,
sensor.abb_fimer_inverter_react2_5_0_tl_InverterSN_energy_dc_pv_input_lifetime,sensor,abb_fimer_inverter_react2_5_0_tl_InverterSN_energy_dc_pv_input_lifetime,None,energy,InverterSN,inverter_1phase,kWh,ein,ABB/FIMER Inverter REACT2-5.0-TL (InverterSN) Energy DC - PV Input Lifetime,Ein,N/A,Ein,VSN700-only,Ein,Inverter PV energy (DC input) - Lifetime,False,True,Energy Counter,
sensor.abb_fimer_inverter_react2_5_0_tl_InverterSN_energy_ac_produced_lifetime,sensor,abb_fimer_inverter_react2_5_0_tl_InverterSN_energy_ac_produced_lifetime,None,energy,InverterSN,inverter_1phase,kWh,e_total,ABB/FIMER Inverter REACT2-5.0-TL (InverterSN) Energy AC - Produced Lifetime,E Total,N/A,ETotal,VSN700-only,ETotal,Inverter AC energy produced - Lifetime,False,True,Energy Counter,
sensor.abb_fimer_inverter_react2_5_0_tl_InverterSN_energy_ac_absorbed_lifetime,sensor,abb_fimer_inverter_react2_5_0_tl_InverterSN_energy_ac_absorbed_lifetime,None,energy,InverterSN,inverter_1phase,kWh,e_total_absorbed,ABB/FIMER Inverter REACT2-5.0-TL (InverterSN) Energy AC - Absorbed Lifetime,E Total Absorbed,N/A,ETotalAbsorbed,VSN700-only,ETotalAbsorbed,Inverter absorbed AC energy - Lifetime,False,True,Energy Counter,
sensor.abb_fimer_inverter_react2_5_0_tl_InverterSN_energy_ac_apparent_lifetime,sensor,abb_fimer_inverter_react2_5_0_tl_InverterSN_energy_ac_apparent_lifetime,None,energy,InverterSN,inverter_1phase,kVAh,e_total_apparent,ABB/FIMER Inverter REACT2-5.0-TL (InverterSN) Energy AC Apparent - Lifetime,E Total Apparent,N/A,ETotalApparent,VSN700-only,ETotalApparent,Inverter apparent AC energy - Lifetime,False,True,Energy Counter,
sensor.abb_fimer_inverter_react2_5_0_tl_InverterSN_dc_energy_string_1_lifetime,sensor,abb_fimer_inverter_react2_5_0_tl_InverterSN_dc_energy_string_1_lifetime,None,None,InverterSN,inverter_1phase,None,ein1,ABB/FIMER Inverter REACT2-5.0-TL (InverterSN) DC energy (String 1) - Lifetime,Ein1,N/A,Ein1,VSN700-only,Ein1,DC energy (String 1) - Lifetime,False,True,Energy Counter,energy
sensor.abb_fimer_inverter_react2_5_0_tl_InverterSN_dc_energy_string_2_lifetime,sensor,abb_fimer_inverter_react2_5_0_tl_InverterSN_dc_energy_string_2_lifetime,None,None,InverterSN,inverter_1phase,None,ein2,ABB/FIMER Inverter REACT2-5.0-TL (InverterSN) DC energy (String 2) - Lifetime,Ein2,N/A,Ein2,VSN700-only,Ein2,DC energy (String 2) - Lifetime,False,True,Energy Counter,energy
sensor.abb_fimer_inverter_react2_5_0_tl_InverterSN_energy_ac_backup_output_lifetime,sensor,abb_fimer_inverter_react2_5_0_tl_InverterSN_energy_ac_backup_output_lifetime,None,None,InverterSN,inverter_1phase,None,e_backup,ABB/FIMER Inverter REACT2-5.0-TL (InverterSN) Energy AC - Backup Output Lifetime,E Backup,N/A,EBackup,VSN700-only,EBackup,Inverter backup output energy - Lifetime,False,True,Energy Counter,energy
sensor.abb_fimer_inverter_react2_5_0_tl_InverterSN_detected_battery_number,sensor,abb_fimer_inverter_react2_5_0_tl_InverterSN_detected_battery_number,None,None,InverterSN,inverter_1phase,None,detected_battery_number,ABB/FIMER Inverter REACT2-5.0-TL (InverterSN) Detected Battery Number,Detected Battery Number,N/A,DetectedBatteryNumber,VSN700-only,DetectedBatteryNumber,Detected Battery Number,False,True,Battery,
sensor.abb_fimer_inverter_react2_5_0_tl_InverterSN_power_battery_total,sensor,abb_fimer_inverter_react2_5_0_tl_InverterSN_power_battery_total,None,power,InverterSN,inverter_1phase,W,pba_t,ABB/FIMER Inverter REACT2-5.0-TL (InverterSN) Power - Battery Total,Pba T,N/A,PbaT,VSN700-only,PbaT,Battery power - Total,False,True,Datalogger,
sensor.abb_fimer_inverter_react2_5_0_tl_InverterSN_battery_state_of_charge,sensor,abb_fimer_inverter_react2_5_0_tl_InverterSN_battery_state_of_charge,None,None,InverterSN,inverter_1phase,None,t_soc,ABB/FIMER Inverter REACT2-5.0-TL (InverterSN) Battery State of Charge,T Soc,N/A,TSoc,VSN700-only,TSoc,Battery state of charge percentage,False,True,Battery,battery
sensor.abb_fimer_inverter_react2_5_0_tl_InverterSN_energy_policy,sensor,abb_fimer_inverter_react2_5_0_tl_InverterSN_energy_policy,None,None,InverterSN,inverter_1phase,None,energy_policy,ABB/FIMER Inverter REACT2-5.0-TL (InverterSN) Energy Policy,Energy Policy,N/A,EnergyPolicy,VSN700-only,EnergyPolicy,Energy Policy,False,True,Energy Counter,
sensor.abb_fimer_inverter_react2_5_0_tl_InverterSN_battery_mode,sensor,abb_fimer_inverter_react2_5_0_tl_InverterSN_battery_mode,None,None,InverterSN,inverter_1phase,None,battery_mode,ABB/FIMER Inverter REACT2-5.0-TL (InverterSN) Battery Mode,Battery Mode,N/A,BatteryMode,M64061,BatteryMode,Battery Mode,True,True,Status,
sensor.abb_fimer_inverter_react2_5_0_tl_InverterSN_energy_battery_discharge_total_since_restart,sensor,abb_fimer_inverter_react2_5_0_tl_InverterSN_energy_battery_discharge_total_since_restart,None,energy,InverterSN,inverter_1phase,Wh,e_tot_discharge_lifetime,ABB/FIMER Inverter REACT2-5.0-TL (InverterSN) Energy - Battery Discharge Total Since Restart,E Tot Discharge Lifetime,N/A,ETotDischarge_runtime,VSN700-only,ETotDischarge_runtime,Total battery discharge energy - Since Restart,False,True,Battery,
sensor.abb_fimer_inverter_react2_5_0_tl_InverterSN_energy_battery_discharge_total_last_7_days,sensor,abb_fimer_inverter_react2_5_0_tl_InverterSN_energy_battery_discharge_total_last_7_days,None,energy,InverterSN,inverter_1phase,Wh,e_tot_discharge_last_week,ABB/FIMER Inverter REACT2-5.0-TL (InverterSN) Energy - Battery Discharge Total Last 7 Days,E Tot Discharge Last Week,N/A,ETotDischarge_7D,VSN700-only,ETotDischarge_7D,Total battery discharge energy - Last 7 Days,False,True,Battery,
sensor.abb_fimer_inverter_react2_5_0_tl_InverterSN_energy_battery_discharge_total_last_30_days,sensor,abb_fimer_inverter_react2_5_0_tl_InverterSN_energy_battery_discharge_total_last_30_days,None,energy,InverterSN,inverter_1phase,Wh,e_tot_discharge_last_month,ABB/FIMER Inverter REACT2-5.0-TL (InverterSN) Energy - Battery Discharge Total Last 30 Days,E Tot Discharge Last Month,N/A,ETotDischarge_30D,VSN700-only,ETotDischarge_30D,Total battery discharge energy - Last 30 Days,False,True,Battery,
sensor.abb_fimer_inverter_react2_5_0_tl_InverterSN_energy_battery_charge_total_since_restart,sensor,abb_fimer_inverter_react2_5_0_tl_InverterSN_energy_battery_charge_total_since_restart,None,energy,InverterSN,inverter_1phase,Wh,e_tot_charge_lifetime,ABB/FIMER Inverter REACT2-5.0-TL (InverterSN) Energy - Battery Charge Total Since Restart,E Tot Charge Lifetime,N/A,ETotCharge_runtime,VSN700-only,ETotCharge_runtime,Total battery charge energy - Since Restart,False,True,Battery,
sensor.abb_fimer_inverter_react2_5_0_tl_InverterSN_energy_battery_charge_total_last_7_days,sensor,abb_fimer_inverter_react2_5_0_tl_InverterSN_energy_battery_charge_total_last_7_days,None,energy,InverterSN,inverter_1phase,Wh,e_tot_charge_last_week,ABB/FIMER Inverter REACT2-5.0-TL (InverterSN) Energy - Battery Charge Total Last 7 Days,E Tot Charge Last Week,N/A,ETotCharge_7D,VSN700-only,ETotCharge_7D,Total battery charge energy - Last 7 Days,False,True,Battery,
sensor.abb_fimer_inverter_react2_5_0_tl_InverterSN_energy_battery_charge_total_last_30_days,sensor,abb_fimer_inverter_react2_5_0_tl_InverterSN_energy_battery_charge_total_last_30_days,None,energy,InverterSN,inverter_1phase,Wh,e_tot_charge_last_month,ABB/FIMER Inverter REACT2-5.0-TL (InverterSN) Energy - Battery Charge Total Last 30 Days,E Tot Charge Last Month,N/A,ETotCharge_30D,VSN700-only,ETotCharge_30D,Total battery charge energy - Last 30 Days,False,True,Battery,
sensor.abb_fimer_inverter_react2_5_0_tl_InverterSN_digital_input_0_mode,sensor,abb_fimer_inverter_react2_5_0_tl_InverterSN_digital_input_0_mode,None,None,InverterSN,inverter_1phase,None,di0_mode,ABB/FIMER Inverter REACT2-5.0-TL (InverterSN) Digital Input 0 Mode,DI0 Mode,N/A,DI0_mode,VSN700-only,DI0_mode,Operating mode configuration for digital input 0,False,True,System Monitoring,
sensor.abb_fimer_inverter_react2_5_0_tl_InverterSN_digital_input_1_mode,sensor,abb_fimer_inverter_react2_5_0_tl_InverterSN_digital_input_1_mode,None,None,InverterSN,inverter_1phase,None,di1_mode,ABB/FIMER Inverter REACT2-5.0-TL (InverterSN) Digital Input 1 Mode,DI1 Mode,N/A,DI1_mode,VSN700-only,DI1_mode,Operating mode configuration for digital input 1,False,True,System Monitoring,
sensor.abb_fimer_inverter_react2_5_0_tl_InverterSN_digital_input_status,sensor,abb_fimer_inverter_react2_5_0_tl_InverterSN_digital_input_status,None,None,InverterSN,inverter_1phase,None,di_status,ABB/FIMER Inverter REACT2-5.0-TL (InverterSN) Digital Input Status,DI Status,N/A,DI_status,VSN700-only,DI_status,Digital input status register,False,True,Status,
sensor.abb_fimer_inverter_react2_5_0_tl_InverterSN_grid_external_control_state,sensor,abb_fimer_inverter_react2_5_0_tl_InverterSN_grid_external_control_state,None,None,InverterSN,inverter_1phase,None,grid_ext_ctrl_state,ABB/FIMER Inverter REACT2-5.0-TL (InverterSN) Grid External Control State,Grid Ext Ctrl State,N/A,gridExtCtrlState,VSN700-only,gridExtCtrlState,External grid control current state,False,True,Status,
sensor.abb_fimer_inverter_react2_5_0_tl_InverterSN_grid_external_control_enabled,sensor,abb_fimer_inverter_react2_5_0_tl_InverterSN_grid_external_control_enabled,None,None,InverterSN,inverter_1phase,None,grid_ext_ctrl_ena,ABB/FIMER Inverter REACT2-5.0-TL (InverterSN) Grid External Control Enabled,Grid Ext Ctrl Ena,N/A,gridExtCtrlEna,VSN700-only,gridExtCtrlEna,External grid control enabled status,False,True,Datalogger,
sensor.abb_fimer_inverter_react2_5_0_tl_InverterSN_battery_control_state,sensor,abb_fimer_inverter_react2_5_0_tl_InverterSN_battery_control_state,None,None,InverterSN,inverter_1phase,None,batt_ext_ctrl_state,ABB/FIMER Inverter REACT2-5.0-TL (InverterSN) Battery Control State,Batt Ext Ctrl State,N/A,BattExtCtrlState,VSN700-only,BattExtCtrlState,Battery external control state,False,True,Battery,
sensor.abb_fimer_inverter_react2_5_0_tl_InverterSN_battery_control_enabled,sensor,abb_fimer_inverter_react2_5_0_tl_InverterSN_battery_control_enabled,None,None,InverterSN,inverter_1phase,None,batt_ext_ctrl_ena,ABB/FIMER Inverter REACT2-5.0-TL (InverterSN) Battery Control Enabled,Batt Ext Ctrl Ena,N/A,BattExtCtrlEna,VSN700-only,BattExtCtrlEna,Battery external control enabled flag,False,True,Battery ,
